INSERT INTO `item` (`ItemID`, `ItemName`, `ItemDesc`, `ItemCategory`, `ItemPrice`) VALUES (1, 'Panadol 500mg tablets', 'Painkiller medication, designed to be used as an analgesic. May help in reducing fever.', 'Analgesic', '5.99');
INSERT INTO `item` (`ItemID`, `ItemName`, `ItemDesc`, `ItemCategory`, `ItemPrice`) VALUES (2, 'Codral PE Day & Night tablets', 'Ideal for headaches and fever, blocked/runny nose and body aches & pains. Contains 36 Day capsules and 12 Night capsules.', 'Painkiller', '17.99');
INSERT INTO `item` (`ItemID`, `ItemName`, `ItemDesc`, `ItemCategory`, `ItemPrice`) VALUES (3, 'Betadine Sore Throat Lozenges', 'Relieves sore throat discomfort, helps kill bacteria.', 'Antipyretic', '7.99');
INSERT INTO `item` (`ItemID`, `ItemName`, `ItemDesc`, `ItemCategory`, `ItemPrice`) VALUES (4, 'Vicks Action Cold and Flu', 'Vicks Action Cold & Flu Night Relief from 6 cold and flu symptoms: blocked noses, headaches, runny noses, sneezing, sore throat pain and fever.', 'Analgesic', '11.49');
INSERT INTO `item` (`ItemID`, `ItemName`, `ItemDesc`, `ItemCategory`, `ItemPrice`) VALUES (5, 'Bosistos Native Energy Oil', 'An invigorating blend of pure essential oils infused with hand-picked Australian native ingredients.', 'Analgesic', '7.99');
INSERT INTO `item` (`ItemID`, `ItemName`, `ItemDesc`, `ItemCategory`, `ItemPrice`) VALUES (6, 'Bisolvon Dry Cough Liquid', 'Bisolvon Dry Liquid is used to relieve a dry, irritating cough.', 'Antibiotic', '18.86');
INSERT INTO `item` (`ItemID`, `ItemName`, `ItemDesc`, `ItemCategory`, `ItemPrice`) VALUES (7, 'Nurofen Zavance 100 Liquid Capsules', 'For fast, effective headache relief choose Nurofen Zavance Liquid Capsules.', 'Antipyretic', '15.39');
INSERT INTO `item` (`ItemID`, `ItemName`, `ItemDesc`, `ItemCategory`, `ItemPrice`) VALUES (8, 'Rafen Tablets 100', 'For the temporary relief of pain where inflammation is present.', 'Analgesic', '22.80');
INSERT INTO `item` (`ItemID`, `ItemName`, `ItemDesc`, `ItemCategory`, `ItemPrice`) VALUES (9, 'Advil Liquid Capsules 90', 'Advil Liquid Capsules relieves pain fast.', 'Antiseptic', '3.99');
INSERT INTO `item` (`ItemID`, `ItemName`, `ItemDesc`, `ItemCategory`, `ItemPrice`) VALUES (10, 'Osteomol 665mg Tablets 96', 'Reduces pain due to arthritis.', 'Analgesic', '21.99');
INSERT INTO `item` (`ItemID`, `ItemName`, `ItemDesc`, `ItemCategory`, `ItemPrice`) VALUES (11, 'Goanna Heat Rub Cream 100g', 'This extra hot preparation is specially developed for the temporary relief of muscular aches and pains including arthritis, lumbago, rheumatism, back ache, fibrositis and bruises.', 'Painkiller', '5.99');
INSERT INTO `item` (`ItemID`, `ItemName`, `ItemDesc`, `ItemCategory`, `ItemPrice`) VALUES (12, 'Combantrin Chocolate Squares 24', 'Threadworms, hookworms and roundworms can be easily and effectively treated with Combantrin chocolate squares.', 'Stimulant', '35.99');
INSERT INTO `item` (`ItemID`, `ItemName`, `ItemDesc`, `ItemCategory`, `ItemPrice`) VALUES (13, 'Prospan Chesty Cough Childrens (Ivy Leaf) 200ml', 'When you need a trusted remedy that’s reliable and great tasting, turn to Prospan for Children – the clinically proven chesty cough medicine.', 'Cough syrup', '12.99');
INSERT INTO `item` (`ItemID`, `ItemName`, `ItemDesc`, `ItemCategory`, `ItemPrice`) VALUES (14, 'Nasonex Allergy Non-Drowsy 24 Hour Nasal Spray', 'Nasonex Allergy nasal spray is an effective treatment & prevention of hayfever, dust allergies, pet allergies & mould allergies.', 'Antiallergy', '46.99');
INSERT INTO `item` (`ItemID`, `ItemName`, `ItemDesc`, `ItemCategory`, `ItemPrice`) VALUES (15, 'Systane Ultra Preservative', 'Systane Ultra UD Lubricant Eye Drops have high performance, extended protection, fast symptom relief and preservative free vials.', 'Painkiller', '5.59');
INSERT INTO `item` (`ItemID`, `ItemName`, `ItemDesc`, `ItemCategory`, `ItemPrice`) VALUES (16, 'Nulax Natural Laxative Tablets', 'Nulax Natural Laxative Tablets are small diamond shaped, easy to swallow tablets.', 'Antibiotic', '12.89');
INSERT INTO `item` (`ItemID`, `ItemName`, `ItemDesc`, `ItemCategory`, `ItemPrice`) VALUES (17, 'De Gas 48 Capsules', 'De-Gas helps to relieve stomach wind, bloating and gas.', 'Antiseptic', '10.99');
INSERT INTO `item` (`ItemID`, `ItemName`, `ItemDesc`, `ItemCategory`, `ItemPrice`) VALUES (18, 'Nicotinell Mint Gum 2mg', 'Nicotinell Gum Mint 2mg is for smokers who smoke less than 20 cigarettes a day. Nicotinell Gum is a crispy coated, soft chewing gum with an unexpectedly bold taste that is pleasant to chew. Helps you stop smoking.', 'Antibiotic', '18.99');
INSERT INTO `item` (`ItemID`, `ItemName`, `ItemDesc`, `ItemCategory`, `ItemPrice`) VALUES (19, 'Gaviscon Dual Action Tablets', 'Neutralises excess stomach acid to relive discomfort.', 'Painkiller', '20.99');
INSERT INTO `item` (`ItemID`, `ItemName`, `ItemDesc`, `ItemCategory`, `ItemPrice`) VALUES (20, 'Vicks Baby Balsam Decongestant', 'Vicks Baby Balsam is a chest rub that soothes, moisturises and relaxes your baby.', 'Statin', '7.89');
INSERT INTO `item` (`ItemID`, `ItemName`, `ItemDesc`, `ItemCategory`, `ItemPrice`) VALUES (21, 'Metamucil Daily Fibre Supplement Fibre Caps', 'Metamucil Fibrecaps is a multi-health fibre supplement made with 100% natural psyllium. Take Metamucil daily. The natural way to stay regular and support a healthy gut.', 'Painkiller', '6.29');
INSERT INTO `item` (`ItemID`, `ItemName`, `ItemDesc`, `ItemCategory`, `ItemPrice`) VALUES (22, 'Osmolax 833g', 'Bisolvon Dry Liquid is used to relieve a dry, irritating cough.OsmoLax restores the bodys natural rhythm. It is virtually unabsorbed so it remains in the bowel and directs water into the stool. This lubricates and softens, as well as bulks the stool which stimulates the urge to go to the toilet.', 'Oral contraceptive', '10.59');
INSERT INTO `item` (`ItemID`, `ItemName`, `ItemDesc`, `ItemCategory`, `ItemPrice`) VALUES (23, 'Prunelax 200 Tablets', 'Natural, effective and predictable solution for constipation. To assists in the relief of constipation.', 'Painkiller', '15.49');
INSERT INTO `item` (`ItemID`, `ItemName`, `ItemDesc`, `ItemCategory`, `ItemPrice`) VALUES (24, 'Hylo Forte 2mg Eye Drops 10mL', 'The premium solution for longer lasting eye lubrication.', 'Antibiotic', '11.19');
INSERT INTO `item` (`ItemID`, `ItemName`, `ItemDesc`, `ItemCategory`, `ItemPrice`) VALUES (25, 'Gold Cross Castor Oil', 'Castor Oil may be taken internally for its laxative action, or used externally for its emollient effect on the skin.', 'Painkiller', '18.89');
INSERT INTO `item` (`ItemID`, `ItemName`, `ItemDesc`, `ItemCategory`, `ItemPrice`) VALUES (26, 'Ural 4g 28 Sachets', 'Ural is a pleasantly flavoured effervescent drink which provides relief from painful burning symptoms of urinary Tract Infections. ', 'Antipyretic', '20.59');
INSERT INTO `item` (`ItemID`, `ItemName`, `ItemDesc`, `ItemCategory`, `ItemPrice`) VALUES (27, 'Savlon Antiseptic Cream', 'Savlon Antiseptic Cream contains effective germ-killing and cleansing agents. Savlons smooth moisturising cream base allows gentle application onto damaged skin.', 'Antiseptic', '16.89');
INSERT INTO `item` (`ItemID`, `ItemName`, `ItemDesc`, `ItemCategory`, `ItemPrice`) VALUES (28, 'Mendeleev Ibuprofen 96 Tablets', 'Relief of pain and inflammation.', 'Painkiller', '15.19');
INSERT INTO `item` (`ItemID`, `ItemName`, `ItemDesc`, `ItemCategory`, `ItemPrice`) VALUES (29, 'Betadine Sore Throat Gargle', 'Anti-bacterial sore throat treatment.', 'Antiseptic', '10.79');
INSERT INTO `item` (`ItemID`, `ItemName`, `ItemDesc`, `ItemCategory`, `ItemPrice`) VALUES (30, 'Claratyne Childrens Hayfever & Allergy Relief', 'Claratyne Childrens chewable tablets provide rapid 24 hour, non-drowsy relief from Hayfever & allergy symptoms including sneezing, runny nose, watery itchy eyes and itchy rash.', 'Antiallergy', '18.99');

INSERT INTO `inventory` (`ItemID`, `Current_stock`, `Low_stock`, `Expiry_date`, `Shelf`) VALUES ('1', '60', '10', '2020-10-27', 'EA-20');
INSERT INTO `inventory` (`ItemID`, `Current_stock`, `Low_stock`, `Expiry_date`, `Shelf`) VALUES ('2', '40', '5', '2020-09-18', 'FD-14');
INSERT INTO `inventory` (`ItemID`, `Current_stock`, `Low_stock`, `Expiry_date`, `Shelf`) VALUES ('3', '200', '30', '2024-06-03', 'SM-91');
INSERT INTO `inventory` (`ItemID`, `Current_stock`, `Low_stock`, `Expiry_date`, `Shelf`) VALUES ('4', '85', '10', '2022-08-01', 'AA-09');
INSERT INTO `inventory` (`ItemID`, `Current_stock`, `Low_stock`, `Expiry_date`, `Shelf`) VALUES ('5', '95', '25', '2023-05-15', 'XV-18');
INSERT INTO `inventory` (`ItemID`, `Current_stock`, `Low_stock`, `Expiry_date`, `Shelf`) VALUES ('6', '35', '5', '2023-03-01', 'AA-09');
INSERT INTO `inventory` (`ItemID`, `Current_stock`, `Low_stock`, `Expiry_date`, `Shelf`) VALUES ('7', '100', '25', '2022-02-13', 'FD-14');
INSERT INTO `inventory` (`ItemID`, `Current_stock`, `Low_stock`, `Expiry_date`, `Shelf`) VALUES ('8', '50', '20', '2022-04-10', 'SM-91');
INSERT INTO `inventory` (`ItemID`, `Current_stock`, `Low_stock`, `Expiry_date`, `Shelf`) VALUES ('9', '80', '15', '2023-08-01', 'XV-18');
INSERT INTO `inventory` (`ItemID`, `Current_stock`, `Low_stock`, `Expiry_date`, `Shelf`) VALUES ('10', '260', '30', '2024-04-10', 'FD-14');
INSERT INTO `inventory` (`ItemID`, `Current_stock`, `Low_stock`, `Expiry_date`, `Shelf`) VALUES ('11', '100', '20', '2021-02-21', 'AA-09');
INSERT INTO `inventory` (`ItemID`, `Current_stock`, `Low_stock`, `Expiry_date`, `Shelf`) VALUES ('12', '120', '10', '2021-12-12', 'SM-91');
INSERT INTO `inventory` (`ItemID`, `Current_stock`, `Low_stock`, `Expiry_date`, `Shelf`) VALUES ('13', '90', '30', '2023-11-11', 'EA-20');
INSERT INTO `inventory` (`ItemID`, `Current_stock`, `Low_stock`, `Expiry_date`, `Shelf`) VALUES ('14', '120', '30', '2021-10-13', 'FD-14');
INSERT INTO `inventory` (`ItemID`, `Current_stock`, `Low_stock`, `Expiry_date`, `Shelf`) VALUES ('15', '40', '5', '2022-12-12', 'AA-09');
INSERT INTO `inventory` (`ItemID`, `Current_stock`, `Low_stock`, `Expiry_date`, `Shelf`) VALUES ('16', '25', '3', '2020-09-18', 'XV-18');
INSERT INTO `inventory` (`ItemID`, `Current_stock`, `Low_stock`, `Expiry_date`, `Shelf`) VALUES ('17', '70', '25', '2020-08-10', 'FD-14');
INSERT INTO `inventory` (`ItemID`, `Current_stock`, `Low_stock`, `Expiry_date`, `Shelf`) VALUES ('18', '55', '15', '2020-09-22', 'AA-09');
INSERT INTO `inventory` (`ItemID`, `Current_stock`, `Low_stock`, `Expiry_date`, `Shelf`) VALUES ('19', '105', '20', '2022-01-05', 'SM-91');
INSERT INTO `inventory` (`ItemID`, `Current_stock`, `Low_stock`, `Expiry_date`, `Shelf`) VALUES ('20', '100', '20', '2023-06-17', 'AA-09');
INSERT INTO `inventory` (`ItemID`, `Current_stock`, `Low_stock`, `Expiry_date`, `Shelf`) VALUES ('21', '100', '20', '2024-03-18', 'FD-14');
INSERT INTO `inventory` (`ItemID`, `Current_stock`, `Low_stock`, `Expiry_date`, `Shelf`) VALUES ('22', '150', '25', '2025-02-13', 'SM-91');
INSERT INTO `inventory` (`ItemID`, `Current_stock`, `Low_stock`, `Expiry_date`, `Shelf`) VALUES ('23', '150', '30', '2022-12-20', 'XV-18');
INSERT INTO `inventory` (`ItemID`, `Current_stock`, `Low_stock`, `Expiry_date`, `Shelf`) VALUES ('24', '30', '20', '2022-03-05', 'FD-14');
INSERT INTO `inventory` (`ItemID`, `Current_stock`, `Low_stock`, `Expiry_date`, `Shelf`) VALUES ('25', '150', '30', '2024-02-28', 'AA-09');
INSERT INTO `inventory` (`ItemID`, `Current_stock`, `Low_stock`, `Expiry_date`, `Shelf`) VALUES ('26', '200', '15', '2021-10-01', 'SM-91');
INSERT INTO `inventory` (`ItemID`, `Current_stock`, `Low_stock`, `Expiry_date`, `Shelf`) VALUES ('27', '100', '10', '2022-07-22', 'EA-20');
INSERT INTO `inventory` (`ItemID`, `Current_stock`, `Low_stock`, `Expiry_date`, `Shelf`) VALUES ('28', '120', '10', '2021-10-03', 'AA-09');
INSERT INTO `inventory` (`ItemID`, `Current_stock`, `Low_stock`, `Expiry_date`, `Shelf`) VALUES ('29', '200', '50', '2022-11-22', 'SM-91');
INSERT INTO `inventory` (`ItemID`, `Current_stock`, `Low_stock`, `Expiry_date`, `Shelf`) VALUES ('30', '150', '30', '2021-07-23', 'AA-09');


INSERT INTO `invoice` (`InvoiceID`, `InvoiceDate`) VALUES ('1', '2019-07-01');
INSERT INTO `invoice` (`InvoiceID`, `InvoiceDate`) VALUES ('2', '2019-07-03');
INSERT INTO `invoice` (`InvoiceID`, `InvoiceDate`) VALUES ('3', '2019-07-06');
INSERT INTO `invoice` (`InvoiceID`, `InvoiceDate`) VALUES ('4', '2019-07-09');
INSERT INTO `invoice` (`InvoiceID`, `InvoiceDate`) VALUES ('5', '2019-07-14');
INSERT INTO `invoice` (`InvoiceID`, `InvoiceDate`) VALUES ('6', '2019-07-17');
INSERT INTO `invoice` (`InvoiceID`, `InvoiceDate`) VALUES ('7', '2019-07-20');
INSERT INTO `invoice` (`InvoiceID`, `InvoiceDate`) VALUES ('8', '2019-07-24');
INSERT INTO `invoice` (`InvoiceID`, `InvoiceDate`) VALUES ('9', '2019-07-29');
INSERT INTO `invoice` (`InvoiceID`, `InvoiceDate`) VALUES ('10', '2019-08-03');
INSERT INTO `invoice` (`InvoiceID`, `InvoiceDate`) VALUES ('11', '2019-08-09');
INSERT INTO `invoice` (`InvoiceID`, `InvoiceDate`) VALUES ('12', '2019-08-18');
INSERT INTO `invoice` (`InvoiceID`, `InvoiceDate`) VALUES ('13', '2019-08-24');
INSERT INTO `invoice` (`InvoiceID`, `InvoiceDate`) VALUES ('14', '2019-09-01');
INSERT INTO `invoice` (`InvoiceID`, `InvoiceDate`) VALUES ('15', '2019-09-03');
INSERT INTO `invoice` (`InvoiceID`, `InvoiceDate`) VALUES ('16', '2019-09-07');
INSERT INTO `invoice` (`InvoiceID`, `InvoiceDate`) VALUES ('17', '2019-09-10');
INSERT INTO `invoice` (`InvoiceID`, `InvoiceDate`) VALUES ('18', '2019-09-14');
INSERT INTO `invoice` (`InvoiceID`, `InvoiceDate`) VALUES ('19', '2019-09-17');
INSERT INTO `invoice` (`InvoiceID`, `InvoiceDate`) VALUES ('20', '2019-09-20');
INSERT INTO `invoice` (`InvoiceID`, `InvoiceDate`) VALUES ('21', '2019-09-22');
INSERT INTO `invoice` (`InvoiceID`, `InvoiceDate`) VALUES ('22', '2019-09-25');
INSERT INTO `invoice` (`InvoiceID`, `InvoiceDate`) VALUES ('23', '2019-09-27');
INSERT INTO `invoice` (`InvoiceID`, `InvoiceDate`) VALUES ('24', '2019-09-29');
INSERT INTO `invoice` (`InvoiceID`, `InvoiceDate`) VALUES ('25', '2019-10-01');
INSERT INTO `invoice` (`InvoiceID`, `InvoiceDate`) VALUES ('26', '2019-10-05');
INSERT INTO `invoice` (`InvoiceID`, `InvoiceDate`) VALUES ('27', '2019-10-10');
INSERT INTO `invoice` (`InvoiceID`, `InvoiceDate`) VALUES ('28', '2019-10-13');
INSERT INTO `invoice` (`InvoiceID`, `InvoiceDate`) VALUES ('29', '2019-10-15');
INSERT INTO `invoice` (`InvoiceID`, `InvoiceDate`) VALUES ('30', '2019-10-28');

INSERT INTO `invoicedetail` (`InvoiceDetail`, `InvoiceID`, `ItemID`, `Quantity`, `Total`) VALUES ('1', '1', '13', '6', '77.94');
INSERT INTO `invoicedetail` (`InvoiceDetail`, `InvoiceID`, `ItemID`, `Quantity`, `Total`) VALUES ('2', '2', '8', '18', '410.40');
INSERT INTO `invoicedetail` (`InvoiceDetail`, `InvoiceID`, `ItemID`, `Quantity`, `Total`) VALUES ('3', '2', '7', '6', '92.34');
INSERT INTO `invoicedetail` (`InvoiceDetail`, `InvoiceID`, `ItemID`, `Quantity`, `Total`) VALUES ('4', '3', '4', '10', '114.90');
INSERT INTO `invoicedetail` (`InvoiceDetail`, `InvoiceID`, `ItemID`, `Quantity`, `Total`) VALUES ('5', '4', '2', '3', '53.97');
INSERT INTO `invoicedetail` (`InvoiceDetail`, `InvoiceID`, `ItemID`, `Quantity`, `Total`) VALUES ('6', '5', '1', '2', '11.98');
INSERT INTO `invoicedetail` (`InvoiceDetail`, `InvoiceID`, `ItemID`, `Quantity`, `Total`) VALUES ('7', '6', '5', '10', '79.99');
INSERT INTO `invoicedetail` (`InvoiceDetail`, `InvoiceID`, `ItemID`, `Quantity`, `Total`) VALUES ('8', '7', '11', '14', '83.86');
INSERT INTO `invoicedetail` (`InvoiceDetail`, `InvoiceID`, `ItemID`, `Quantity`, `Total`) VALUES ('9', '8', '12', '13', '467.87');
INSERT INTO `invoicedetail` (`InvoiceDetail`, `InvoiceID`, `ItemID`, `Quantity`, `Total`) VALUES ('10', '8', '29', '10', '107.90');
INSERT INTO `invoicedetail` (`InvoiceDetail`, `InvoiceID`, `ItemID`, `Quantity`, `Total`) VALUES ('11', '9', '20', '12', '94.68');
INSERT INTO `invoicedetail` (`InvoiceDetail`, `InvoiceID`, `ItemID`, `Quantity`, `Total`) VALUES ('12', '10', '17', '8', '87.92');
INSERT INTO `invoicedetail` (`InvoiceDetail`, `InvoiceID`, `ItemID`, `Quantity`, `Total`) VALUES ('13', '11', '24', '7', '78.33');
INSERT INTO `invoicedetail` (`InvoiceDetail`, `InvoiceID`, `ItemID`, `Quantity`, `Total`) VALUES ('14', '12', '9', '4', '15.96');
INSERT INTO `invoicedetail` (`InvoiceDetail`, `InvoiceID`, `ItemID`, `Quantity`, `Total`) VALUES ('15', '13', '10', '2', '43.98');
INSERT INTO `invoicedetail` (`InvoiceDetail`, `InvoiceID`, `ItemID`, `Quantity`, `Total`) VALUES ('16', '14', '23', '6', '92.94');
INSERT INTO `invoicedetail` (`InvoiceDetail`, `InvoiceID`, `ItemID`, `Quantity`, `Total`) VALUES ('17', '15', '16', '9', '116.01');
INSERT INTO `invoicedetail` (`InvoiceDetail`, `InvoiceID`, `ItemID`, `Quantity`, `Total`) VALUES ('18', '16', '6', '17', '320.62');
INSERT INTO `invoicedetail` (`InvoiceDetail`, `InvoiceID`, `ItemID`, `Quantity`, `Total`) VALUES ('19', '17', '15', '20', '111.80‬');
INSERT INTO `invoicedetail` (`InvoiceDetail`, `InvoiceID`, `ItemID`, `Quantity`, `Total`) VALUES ('20', '18', '3', '8', '63.92');
INSERT INTO `invoicedetail` (`InvoiceDetail`, `InvoiceID`, `ItemID`, `Quantity`, `Total`) VALUES ('21', '18', '13', '31', '402.69');
INSERT INTO `invoicedetail` (`InvoiceDetail`, `InvoiceID`, `ItemID`, `Quantity`, `Total`) VALUES ('22', '19', '22', '20', '211.8‬0');
INSERT INTO `invoicedetail` (`InvoiceDetail`, `InvoiceID`, `ItemID`, `Quantity`, `Total`) VALUES ('23', '20', '27', '15', '253.35‬');
INSERT INTO `invoicedetail` (`InvoiceDetail`, `InvoiceID`, `ItemID`, `Quantity`, `Total`) VALUES ('24', '21', '29', '1', '10.79');
INSERT INTO `invoicedetail` (`InvoiceDetail`, `InvoiceID`, `ItemID`, `Quantity`, `Total`) VALUES ('25', '21', '30', '9', '170.91‬');
INSERT INTO `invoicedetail` (`InvoiceDetail`, `InvoiceID`, `ItemID`, `Quantity`, `Total`) VALUES ('26', '22', '1', '7', '41.93‬');
INSERT INTO `invoicedetail` (`InvoiceDetail`, `InvoiceID`, `ItemID`, `Quantity`, `Total`) VALUES ('27', '22', '8', '5', '‭114‬.00');
INSERT INTO `invoicedetail` (`InvoiceDetail`, `InvoiceID`, `ItemID`, `Quantity`, `Total`) VALUES ('28', '23', '11', '12', '71.88');
INSERT INTO `invoicedetail` (`InvoiceDetail`, `InvoiceID`, `ItemID`, `Quantity`, `Total`) VALUES ('29', '23', '26', '6', '123.54');
INSERT INTO `invoicedetail` (`InvoiceDetail`, `InvoiceID`, `ItemID`, `Quantity`, `Total`) VALUES ('30', '24', '14', '8', '375.92‬');
INSERT INTO `invoicedetail` (`InvoiceDetail`, `InvoiceID`, `ItemID`, `Quantity`, `Total`) VALUES ('31', '24', '17', '10', '109.9‬');
INSERT INTO `invoicedetail` (`InvoiceDetail`, `InvoiceID`, `ItemID`, `Quantity`, `Total`) VALUES ('32', '25', '3', '11', '87.89');
INSERT INTO `invoicedetail` (`InvoiceDetail`, `InvoiceID`, `ItemID`, `Quantity`, `Total`) VALUES ('33', '26', '8', '20', '‭456‬.00');
INSERT INTO `invoicedetail` (`InvoiceDetail`, `InvoiceID`, `ItemID`, `Quantity`, `Total`) VALUES ('34', '26', '18', '4', '75.96');
INSERT INTO `invoicedetail` (`InvoiceDetail`, `InvoiceID`, `ItemID`, `Quantity`, `Total`) VALUES ('35', '27', '19', '13', '272.87');
INSERT INTO `invoicedetail` (`InvoiceDetail`, `InvoiceID`, `ItemID`, `Quantity`, `Total`) VALUES ('36', '27', '20', '7', '55.23‬');
INSERT INTO `invoicedetail` (`InvoiceDetail`, `InvoiceID`, `ItemID`, `Quantity`, `Total`) VALUES ('37', '28', '28', '20', '303.8‬0');
INSERT INTO `invoicedetail` (`InvoiceDetail`, `InvoiceID`, `ItemID`, `Quantity`, `Total`) VALUES ('38', '29', '30', '10', '189.90');
INSERT INTO `invoicedetail` (`InvoiceDetail`, `InvoiceID`, `ItemID`, `Quantity`, `Total`) VALUES ('39', '29', '29', '9', '97.11‬');
INSERT INTO `invoicedetail` (`InvoiceDetail`, `InvoiceID`, `ItemID`, `Quantity`, `Total`) VALUES ('40', '30', '15', '6', '33.54');